id_batiment,nb_maisons,infra_id,infra_type,longueur,type_batiment,nb_maisons_bat,id_infra,type_infra,unit_cost_eur_m,unit_time_h_m,a_reparer,man_hours,material_cost,labor_cost,cost_total,time_total_h,is_hospital,hospital_time_goal_h,hosp_time_needed_h,hospital_risk
E000003,1,P007113,a_remplacer,12.1935087083631,habitation,1,,nan,0.0,0.0,1,0.0,0.0,0.0,0.0,0.0,0,,,0
E000003,1,P007984,a_remplacer,30.0575979492587,habitation,1,,nan,0.0,0.0,1,0.0,0.0,0.0,0.0,0.0,0,,,0
E000003,1,P007823,a_remplacer,12.290282829583,habitation,1,,nan,0.0,0.0,1,0.0,0.0,0.0,0.0,0.0,0,,,0
E000067,1,P006193,a_remplacer,12.1863879405322,habitation,4,,nan,0.0,0.0,1,0.0,0.0,0.0,0.0,0.0,0,,,0
E000067,1,P002851,a_remplacer,10.8032015604234,habitation,4,,nan,0.0,0.0,1,0.0,0.0,0.0,0.0,0.0,0,,,0
E000067,1,P007624,a_remplacer,4.10990474598487,habitation,4,,nan,0.0,0.0,1,0.0,0.0,0.0,0.0,0.0,0,,,0
E000085,1,P005500,a_remplacer,13.1420349052071,hôpital,1,,nan,0.0,0.0,1,0.0,0.0,0.0,0.0,0.0,1,16.0,0.0,0
E000085,1,P007990,a_remplacer,18.7028610321555,hôpital,1,,nan,0.0,0.0,1,0.0,0.0,0.0,0.0,0.0,1,16.0,0.0,0
E000085,1,P007447,a_remplacer,2.84535154473363,hôpital,1,,nan,0.0,0.0,1,0.0,0.0,0.0,0.0,0.0,1,16.0,0.0,0
E000098,1,P005531,a_remplacer,14.8493095953268,habitation,7,,nan,0.0,0.0,1,0.0,0.0,0.0,0.0,0.0,0,,,0
E000098,1,P007639,a_remplacer,6.13280316452202,habitation,7,,nan,0.0,0.0,1,0.0,0.0,0.0,0.0,0.0,0,,,0
E000106,1,P005500,a_remplacer,13.1420349052071,école,1,,nan,0.0,0.0,1,0.0,0.0,0.0,0.0,0.0,0,,,0
E000106,1,P007990,a_remplacer,18.7028610321555,école,1,,nan,0.0,0.0,1,0.0,0.0,0.0,0.0,0.0,0,,,0
E000106,1,P001391,a_remplacer,7.63593644945982,école,1,,nan,0.0,0.0,1,0.0,0.0,0.0,0.0,0.0,0,,,0
E000106,1,P007752,a_remplacer,3.12835142463862,école,1,,nan,0.0,0.0,1,0.0,0.0,0.0,0.0,0.0,0,,,0
E000107,1,P005500,a_remplacer,13.1420349052071,habitation,2,,nan,0.0,0.0,1,0.0,0.0,0.0,0.0,0.0,0,,,0
E000107,1,P007990,a_remplacer,18.7028610321555,habitation,2,,nan,0.0,0.0,1,0.0,0.0,0.0,0.0,0.0,0,,,0
E000107,1,P001391,a_remplacer,7.63593644945982,habitation,2,,nan,0.0,0.0,1,0.0,0.0,0.0,0.0,0.0,0,,,0
E000107,1,P007689,a_remplacer,5.1037127857757,habitation,2,,nan,0.0,0.0,1,0.0,0.0,0.0,0.0,0.0,0,,,0
E000108,1,P005500,a_remplacer,13.1420349052071,habitation,6,,nan,0.0,0.0,1,0.0,0.0,0.0,0.0,0.0,0,,,0
E000108,1,P007991,a_remplacer,7.5088306175948,habitation,6,,nan,0.0,0.0,1,0.0,0.0,0.0,0.0,0.0,0,,,0
E000108,1,P007997,a_remplacer,30.1295771789513,habitation,6,,nan,0.0,0.0,1,0.0,0.0,0.0,0.0,0.0,0,,,0
E000108,1,P007476,a_remplacer,4.92849119929359,habitation,6,,nan,0.0,0.0,1,0.0,0.0,0.0,0.0,0.0,0,,,0
E000109,1,P005500,a_remplacer,13.1420349052071,habitation,6,,nan,0.0,0.0,1,0.0,0.0,0.0,0.0,0.0,0,,,0
E000109,1,P007991,a_remplacer,7.5088306175948,habitation,6,,nan,0.0,0.0,1,0.0,0.0,0.0,0.0,0.0,0,,,0
E000109,1,P007997,a_remplacer,30.1295771789513,habitation,6,,nan,0.0,0.0,1,0.0,0.0,0.0,0.0,0.0,0,,,0
E000109,1,P007572,a_remplacer,5.62700791605979,habitation,6,,nan,0.0,0.0,1,0.0,0.0,0.0,0.0,0.0,0,,,0
E000110,1,P005500,a_remplacer,13.1420349052071,habitation,3,,nan,0.0,0.0,1,0.0,0.0,0.0,0.0,0.0,0,,,0
E000110,1,P007991,a_remplacer,7.5088306175948,habitation,3,,nan,0.0,0.0,1,0.0,0.0,0.0,0.0,0.0,0,,,0
E000110,1,P007998,a_remplacer,37.0636340148083,habitation,3,,nan,0.0,0.0,1,0.0,0.0,0.0,0.0,0.0,0,,,0
E000110,1,P007554,a_remplacer,8.72690474251765,habitation,3,,nan,0.0,0.0,1,0.0,0.0,0.0,0.0,0.0,0,,,0
E000111,1,P005770,a_remplacer,13.8935987811649,habitation,5,,nan,0.0,0.0,1,0.0,0.0,0.0,0.0,0.0,0,,,0
E000111,1,P007985,a_remplacer,10.4897301634131,habitation,5,,nan,0.0,0.0,1,0.0,0.0,0.0,0.0,0.0,0,,,0
E000111,1,P007813,a_remplacer,1.36523196955369,habitation,5,,nan,0.0,0.0,1,0.0,0.0,0.0,0.0,0.0,0,,,0
E000112,1,P005664,a_remplacer,12.9108403618454,habitation,6,,nan,0.0,0.0,1,0.0,0.0,0.0,0.0,0.0,0,,,0
E000112,1,P007448,a_remplacer,7.9742290455672,habitation,6,,nan,0.0,0.0,1,0.0,0.0,0.0,0.0,0.0,0,,,0
E000127,1,P005117,a_remplacer,13.2627025810985,habitation,8,,nan,0.0,0.0,1,0.0,0.0,0.0,0.0,0.0,0,,,0
E000127,1,P000873,a_remplacer,5.46510947034025,habitation,8,,nan,0.0,0.0,1,0.0,0.0,0.0,0.0,0.0,0,,,0
E000127,1,P007790,a_remplacer,5.85611808756648,habitation,8,,nan,0.0,0.0,1,0.0,0.0,0.0,0.0,0.0,0,,,0
E000128,1,P005317,a_remplacer,11.95171127553,habitation,6,,nan,0.0,0.0,1,0.0,0.0,0.0,0.0,0.0,0,,,0
E000128,1,P001156,a_remplacer,13.4887076792516,habitation,6,,nan,0.0,0.0,1,0.0,0.0,0.0,0.0,0.0,0,,,0
E000128,1,P007679,a_remplacer,4.5706986139249,habitation,6,,nan,0.0,0.0,1,0.0,0.0,0.0,0.0,0.0,0,,,0
E000129,1,P005317,a_remplacer,11.95171127553,habitation,5,,nan,0.0,0.0,1,0.0,0.0,0.0,0.0,0.0,0,,,0
E000129,1,P007999,a_remplacer,42.1144223056854,habitation,5,,nan,0.0,0.0,1,0.0,0.0,0.0,0.0,0.0,0,,,0
E000129,1,P007485,a_remplacer,5.64944506755882,habitation,5,,nan,0.0,0.0,1,0.0,0.0,0.0,0.0,0.0,0,,,0
E000144,1,P005117,a_remplacer,13.2627025810985,habitation,6,,nan,0.0,0.0,1,0.0,0.0,0.0,0.0,0.0,0,,,0
E000144,1,P008002,a_remplacer,12.5346743139761,habitation,6,,nan,0.0,0.0,1,0.0,0.0,0.0,0.0,0.0,0,,,0
E000144,1,P008006,a_remplacer,17.9528543234573,habitation,6,,nan,0.0,0.0,1,0.0,0.0,0.0,0.0,0.0,0,,,0
E000144,1,P007737,a_remplacer,4.66009795790718,habitation,6,,nan,0.0,0.0,1,0.0,0.0,0.0,0.0,0.0,0,,,0
E000145,1,P005117,a_remplacer,13.2627025810985,habitation,3,,nan,0.0,0.0,1,0.0,0.0,0.0,0.0,0.0,0,,,0
E000145,1,P008002,a_remplacer,12.5346743139761,habitation,3,,nan,0.0,0.0,1,0.0,0.0,0.0,0.0,0.0,0,,,0
E000145,1,P008007,a_remplacer,6.84639309859005,habitation,3,,nan,0.0,0.0,1,0.0,0.0,0.0,0.0,0.0,0,,,0
E000145,1,P007638,a_remplacer,5.10207355361142,habitation,3,,nan,0.0,0.0,1,0.0,0.0,0.0,0.0,0.0,0,,,0
E000146,1,P005100,a_remplacer,6.25975675306654,habitation,2,,nan,0.0,0.0,1,0.0,0.0,0.0,0.0,0.0,0,,,0
E000146,1,P000732,a_remplacer,10.7871386086093,habitation,2,,nan,0.0,0.0,1,0.0,0.0,0.0,0.0,0.0,0,,,0
E000146,1,P008001,a_remplacer,9.80181343246892,habitation,2,,nan,0.0,0.0,1,0.0,0.0,0.0,0.0,0.0,0,,,0
E000146,1,P000719,a_remplacer,10.698159350814,habitation,2,,nan,0.0,0.0,1,0.0,0.0,0.0,0.0,0.0,0,,,0
E000146,1,P000719,a_remplacer,10.698159350814,habitation,2,,nan,0.0,0.0,1,0.0,0.0,0.0,0.0,0.0,0,,,0
E000146,1,P000644,a_remplacer,5.79686473036686,habitation,2,,nan,0.0,0.0,1,0.0,0.0,0.0,0.0,0.0,0,,,0
E000146,1,P007802,a_remplacer,4.65316558492902,habitation,2,,nan,0.0,0.0,1,0.0,0.0,0.0,0.0,0.0,0,,,0
E000160,1,P005100,a_remplacer,6.25975675306654,habitation,8,,nan,0.0,0.0,1,0.0,0.0,0.0,0.0,0.0,0,,,0
E000160,1,P000732,a_remplacer,10.7871386086093,habitation,8,,nan,0.0,0.0,1,0.0,0.0,0.0,0.0,0.0,0,,,0
E000160,1,P008001,a_remplacer,9.80181343246892,habitation,8,,nan,0.0,0.0,1,0.0,0.0,0.0,0.0,0.0,0,,,0
E000160,1,P000719,a_remplacer,10.698159350814,habitation,8,,nan,0.0,0.0,1,0.0,0.0,0.0,0.0,0.0,0,,,0
E000160,1,P008005,a_remplacer,8.40245186934037,habitation,8,,nan,0.0,0.0,1,0.0,0.0,0.0,0.0,0.0,0,,,0
E000160,1,P000723,a_remplacer,13.1599422339419,habitation,8,,nan,0.0,0.0,1,0.0,0.0,0.0,0.0,0.0,0,,,0
E000160,1,P000600,a_remplacer,9.68226549663264,habitation,8,,nan,0.0,0.0,1,0.0,0.0,0.0,0.0,0.0,0,,,0
E000160,1,P007641,a_remplacer,6.69156313094176,habitation,8,,nan,0.0,0.0,1,0.0,0.0,0.0,0.0,0.0,0,,,0
E000161,1,P005100,a_remplacer,6.25975675306654,habitation,2,,nan,0.0,0.0,1,0.0,0.0,0.0,0.0,0.0,0,,,0
E000161,1,P000732,a_remplacer,10.7871386086093,habitation,2,,nan,0.0,0.0,1,0.0,0.0,0.0,0.0,0.0,0,,,0
E000161,1,P008001,a_remplacer,9.80181343246892,habitation,2,,nan,0.0,0.0,1,0.0,0.0,0.0,0.0,0.0,0,,,0
E000161,1,P000719,a_remplacer,10.698159350814,habitation,2,,nan,0.0,0.0,1,0.0,0.0,0.0,0.0,0.0,0,,,0
E000161,1,P008005,a_remplacer,8.40245186934037,habitation,2,,nan,0.0,0.0,1,0.0,0.0,0.0,0.0,0.0,0,,,0
E000161,1,P008009,a_remplacer,25.2059107325926,habitation,2,,nan,0.0,0.0,1,0.0,0.0,0.0,0.0,0.0,0,,,0
E000161,1,P000604,a_remplacer,4.98282106064181,habitation,2,,nan,0.0,0.0,1,0.0,0.0,0.0,0.0,0.0,0,,,0
E000161,1,P007580,a_remplacer,8.43108274854405,habitation,2,,nan,0.0,0.0,1,0.0,0.0,0.0,0.0,0.0,0,,,0
E000174,1,P005100,a_remplacer,6.25975675306654,habitation,1,,nan,0.0,0.0,1,0.0,0.0,0.0,0.0,0.0,0,,,0
E000174,1,P000732,a_remplacer,10.7871386086093,habitation,1,,nan,0.0,0.0,1,0.0,0.0,0.0,0.0,0.0,0,,,0
E000174,1,P008001,a_remplacer,9.80181343246892,habitation,1,,nan,0.0,0.0,1,0.0,0.0,0.0,0.0,0.0,0,,,0
E000174,1,P000719,a_remplacer,10.698159350814,habitation,1,,nan,0.0,0.0,1,0.0,0.0,0.0,0.0,0.0,0,,,0
E000174,1,P008005,a_remplacer,8.40245186934037,habitation,1,,nan,0.0,0.0,1,0.0,0.0,0.0,0.0,0.0,0,,,0
E000174,1,P000723,a_remplacer,13.1599422339419,habitation,1,,nan,0.0,0.0,1,0.0,0.0,0.0,0.0,0.0,0,,,0
E000174,1,P008008,a_remplacer,34.1154172411379,habitation,1,,nan,0.0,0.0,1,0.0,0.0,0.0,0.0,0.0,0,,,0
E000174,1,P008021,a_remplacer,14.9117118858221,habitation,1,,nan,0.0,0.0,1,0.0,0.0,0.0,0.0,0.0,0,,,0
E000174,1,P007785,a_remplacer,8.13675729756796,habitation,1,,nan,0.0,0.0,1,0.0,0.0,0.0,0.0,0.0,0,,,0
E000175,1,P005100,a_remplacer,6.25975675306654,habitation,3,,nan,0.0,0.0,1,0.0,0.0,0.0,0.0,0.0,0,,,0
E000175,1,P000732,a_remplacer,10.7871386086093,habitation,3,,nan,0.0,0.0,1,0.0,0.0,0.0,0.0,0.0,0,,,0
E000175,1,P008001,a_remplacer,9.80181343246892,habitation,3,,nan,0.0,0.0,1,0.0,0.0,0.0,0.0,0.0,0,,,0
E000175,1,P000719,a_remplacer,10.698159350814,habitation,3,,nan,0.0,0.0,1,0.0,0.0,0.0,0.0,0.0,0,,,0
E000175,1,P008005,a_remplacer,8.40245186934037,habitation,3,,nan,0.0,0.0,1,0.0,0.0,0.0,0.0,0.0,0,,,0
E000175,1,P000723,a_remplacer,13.1599422339419,habitation,3,,nan,0.0,0.0,1,0.0,0.0,0.0,0.0,0.0,0,,,0
E000175,1,P008008,a_remplacer,34.1154172411379,habitation,3,,nan,0.0,0.0,1,0.0,0.0,0.0,0.0,0.0,0,,,0
E000175,1,P008022,a_remplacer,34.8372572653182,habitation,3,,nan,0.0,0.0,1,0.0,0.0,0.0,0.0,0.0,0,,,0
E000175,1,P007595,a_remplacer,10.0082136912815,habitation,3,,nan,0.0,0.0,1,0.0,0.0,0.0,0.0,0.0,0,,,0
E000176,1,P005100,a_remplacer,6.25975675306654,habitation,2,,nan,0.0,0.0,1,0.0,0.0,0.0,0.0,0.0,0,,,0
E000176,1,P000732,a_remplacer,10.7871386086093,habitation,2,,nan,0.0,0.0,1,0.0,0.0,0.0,0.0,0.0,0,,,0
E000176,1,P008001,a_remplacer,9.80181343246892,habitation,2,,nan,0.0,0.0,1,0.0,0.0,0.0,0.0,0.0,0,,,0
E000176,1,P000719,a_remplacer,10.698159350814,habitation,2,,nan,0.0,0.0,1,0.0,0.0,0.0,0.0,0.0,0,,,0
E000176,1,P008005,a_remplacer,8.40245186934037,habitation,2,,nan,0.0,0.0,1,0.0,0.0,0.0,0.0,0.0,0,,,0
E000176,1,P008009,a_remplacer,25.2059107325926,habitation,2,,nan,0.0,0.0,1,0.0,0.0,0.0,0.0,0.0,0,,,0
E000176,1,P008015,a_remplacer,34.6108377868067,habitation,2,,nan,0.0,0.0,1,0.0,0.0,0.0,0.0,0.0,0,,,0
E000176,1,P008023,a_remplacer,11.2796548571624,habitation,2,,nan,0.0,0.0,1,0.0,0.0,0.0,0.0,0.0,0,,,0
E000176,1,P007562,a_remplacer,10.7507961303452,habitation,2,,nan,0.0,0.0,1,0.0,0.0,0.0,0.0,0.0,0,,,0
E000177,1,P005100,a_remplacer,6.25975675306654,habitation,2,,nan,0.0,0.0,1,0.0,0.0,0.0,0.0,0.0,0,,,0
E000177,1,P000732,a_remplacer,10.7871386086093,habitation,2,,nan,0.0,0.0,1,0.0,0.0,0.0,0.0,0.0,0,,,0
E000177,1,P008001,a_remplacer,9.80181343246892,habitation,2,,nan,0.0,0.0,1,0.0,0.0,0.0,0.0,0.0,0,,,0
E000177,1,P000719,a_remplacer,10.698159350814,habitation,2,,nan,0.0,0.0,1,0.0,0.0,0.0,0.0,0.0,0,,,0
E000177,1,P008005,a_remplacer,8.40245186934037,habitation,2,,nan,0.0,0.0,1,0.0,0.0,0.0,0.0,0.0,0,,,0
E000177,1,P008009,a_remplacer,25.2059107325926,habitation,2,,nan,0.0,0.0,1,0.0,0.0,0.0,0.0,0.0,0,,,0
E000177,1,P008015,a_remplacer,34.6108377868067,habitation,2,,nan,0.0,0.0,1,0.0,0.0,0.0,0.0,0.0,0,,,0
E000177,1,P008024,a_remplacer,18.3100645954404,habitation,2,,nan,0.0,0.0,1,0.0,0.0,0.0,0.0,0.0,0,,,0
E000177,1,P007566,a_remplacer,6.60727277655205,habitation,2,,nan,0.0,0.0,1,0.0,0.0,0.0,0.0,0.0,0,,,0
E000178,1,P005100,a_remplacer,6.25975675306654,habitation,1,,nan,0.0,0.0,1,0.0,0.0,0.0,0.0,0.0,0,,,0
E000178,1,P000732,a_remplacer,10.7871386086093,habitation,1,,nan,0.0,0.0,1,0.0,0.0,0.0,0.0,0.0,0,,,0
E000178,1,P008001,a_remplacer,9.80181343246892,habitation,1,,nan,0.0,0.0,1,0.0,0.0,0.0,0.0,0.0,0,,,0
E000178,1,P000719,a_remplacer,10.698159350814,habitation,1,,nan,0.0,0.0,1,0.0,0.0,0.0,0.0,0.0,0,,,0
E000178,1,P008003,a_remplacer,16.9947899061457,habitation,1,,nan,0.0,0.0,1,0.0,0.0,0.0,0.0,0.0,0,,,0
E000178,1,P008004,a_remplacer,4.2679056836056,habitation,1,,nan,0.0,0.0,1,0.0,0.0,0.0,0.0,0.0,0,,,0
E000178,1,P000494,a_remplacer,4.84007013228732,habitation,1,,nan,0.0,0.0,1,0.0,0.0,0.0,0.0,0.0,0,,,0
E000178,1,P000750,a_remplacer,5.4200839327337,habitation,1,,nan,0.0,0.0,1,0.0,0.0,0.0,0.0,0.0,0,,,0
E000178,1,P007727,a_remplacer,6.32141109105695,habitation,1,,nan,0.0,0.0,1,0.0,0.0,0.0,0.0,0.0,0,,,0
E000183,1,P005000,a_remplacer,2.71913580007238,habitation,1,,nan,0.0,0.0,1,0.0,0.0,0.0,0.0,0.0,0,,,0
E000183,1,P008027,a_remplacer,20.455789433764,habitation,1,,nan,0.0,0.0,1,0.0,0.0,0.0,0.0,0.0,0,,,0
E000183,1,P007530,a_remplacer,12.7359304342272,habitation,1,,nan,0.0,0.0,1,0.0,0.0,0.0,0.0,0.0,0,,,0
E000184,1,P005000,a_remplacer,2.71913580007238,habitation,6,,nan,0.0,0.0,1,0.0,0.0,0.0,0.0,0.0,0,,,0
E000184,1,P008028,a_remplacer,36.9797725156077,habitation,6,,nan,0.0,0.0,1,0.0,0.0,0.0,0.0,0.0,0,,,0
E000184,1,P007593,a_remplacer,10.402928114011,habitation,6,,nan,0.0,0.0,1,0.0,0.0,0.0,0.0,0.0,0,,,0
E000185,1,P006106,a_remplacer,12.8869548736554,habitation,1,,nan,0.0,0.0,1,0.0,0.0,0.0,0.0,0.0,0,,,0
E000185,1,P002717,a_remplacer,6.93113318288768,habitation,1,,nan,0.0,0.0,1,0.0,0.0,0.0,0.0,0.0,0,,,0
E000185,1,P007565,a_remplacer,6.4644213871373,habitation,1,,nan,0.0,0.0,1,0.0,0.0,0.0,0.0,0.0,0,,,0
E000188,1,P005915,a_remplacer,12.8261922697184,habitation,2,,nan,0.0,0.0,1,0.0,0.0,0.0,0.0,0.0,0,,,0
E000188,1,P002445,a_remplacer,6.96033389014315,habitation,2,,nan,0.0,0.0,1,0.0,0.0,0.0,0.0,0.0,0,,,0
E000188,1,P007764,a_remplacer,4.11611330130554,habitation,2,,nan,0.0,0.0,1,0.0,0.0,0.0,0.0,0.0,0,,,0
E000193,1,P005100,a_remplacer,6.25975675306654,habitation,4,,nan,0.0,0.0,1,0.0,0.0,0.0,0.0,0.0,0,,,0
E000193,1,P000732,a_remplacer,10.7871386086093,habitation,4,,nan,0.0,0.0,1,0.0,0.0,0.0,0.0,0.0,0,,,0
E000193,1,P008001,a_remplacer,9.80181343246892,habitation,4,,nan,0.0,0.0,1,0.0,0.0,0.0,0.0,0.0,0,,,0
E000193,1,P000719,a_remplacer,10.698159350814,habitation,4,,nan,0.0,0.0,1,0.0,0.0,0.0,0.0,0.0,0,,,0
E000193,1,P008005,a_remplacer,8.40245186934037,habitation,4,,nan,0.0,0.0,1,0.0,0.0,0.0,0.0,0.0,0,,,0
E000193,1,P000723,a_remplacer,13.1599422339419,habitation,4,,nan,0.0,0.0,1,0.0,0.0,0.0,0.0,0.0,0,,,0
E000193,1,P008008,a_remplacer,34.1154172411379,habitation,4,,nan,0.0,0.0,1,0.0,0.0,0.0,0.0,0.0,0,,,0
E000193,1,P008022,a_remplacer,34.8372572653182,habitation,4,,nan,0.0,0.0,1,0.0,0.0,0.0,0.0,0.0,0,,,0
E000193,1,P008026,a_remplacer,12.0182044137484,habitation,4,,nan,0.0,0.0,1,0.0,0.0,0.0,0.0,0.0,0,,,0
E000193,1,P007607,a_remplacer,7.64056605573305,habitation,4,,nan,0.0,0.0,1,0.0,0.0,0.0,0.0,0.0,0,,,0
E000194,1,P005100,a_remplacer,6.25975675306654,habitation,5,,nan,0.0,0.0,1,0.0,0.0,0.0,0.0,0.0,0,,,0
E000194,1,P000732,a_remplacer,10.7871386086093,habitation,5,,nan,0.0,0.0,1,0.0,0.0,0.0,0.0,0.0,0,,,0
E000194,1,P008001,a_remplacer,9.80181343246892,habitation,5,,nan,0.0,0.0,1,0.0,0.0,0.0,0.0,0.0,0,,,0
E000194,1,P000719,a_remplacer,10.698159350814,habitation,5,,nan,0.0,0.0,1,0.0,0.0,0.0,0.0,0.0,0,,,0
E000194,1,P000719,a_remplacer,10.698159350814,habitation,5,,nan,0.0,0.0,1,0.0,0.0,0.0,0.0,0.0,0,,,0
E000194,1,P008001,a_remplacer,9.80181343246892,habitation,5,,nan,0.0,0.0,1,0.0,0.0,0.0,0.0,0.0,0,,,0
E000194,1,P000732,a_remplacer,10.7871386086093,habitation,5,,nan,0.0,0.0,1,0.0,0.0,0.0,0.0,0.0,0,,,0
E000194,1,P005100,a_remplacer,6.25975675306654,habitation,5,,nan,0.0,0.0,1,0.0,0.0,0.0,0.0,0.0,0,,,0
E000195,1,P005100,a_remplacer,6.25975675306654,habitation,4,,nan,0.0,0.0,1,0.0,0.0,0.0,0.0,0.0,0,,,0
E000195,1,P000732,a_remplacer,10.7871386086093,habitation,4,,nan,0.0,0.0,1,0.0,0.0,0.0,0.0,0.0,0,,,0
E000195,1,P008001,a_remplacer,9.80181343246892,habitation,4,,nan,0.0,0.0,1,0.0,0.0,0.0,0.0,0.0,0,,,0
E000195,1,P000719,a_remplacer,10.698159350814,habitation,4,,nan,0.0,0.0,1,0.0,0.0,0.0,0.0,0.0,0,,,0
E000195,1,P000719,a_remplacer,10.698159350814,habitation,4,,nan,0.0,0.0,1,0.0,0.0,0.0,0.0,0.0,0,,,0
E000195,1,P008001,a_remplacer,9.80181343246892,habitation,4,,nan,0.0,0.0,1,0.0,0.0,0.0,0.0,0.0,0,,,0
E000195,1,P000732,a_remplacer,10.7871386086093,habitation,4,,nan,0.0,0.0,1,0.0,0.0,0.0,0.0,0.0,0,,,0
E000195,1,P005100,a_remplacer,6.25975675306654,habitation,4,,nan,0.0,0.0,1,0.0,0.0,0.0,0.0,0.0,0,,,0
E000196,1,P005100,a_remplacer,6.25975675306654,habitation,3,,nan,0.0,0.0,1,0.0,0.0,0.0,0.0,0.0,0,,,0
E000196,1,P000732,a_remplacer,10.7871386086093,habitation,3,,nan,0.0,0.0,1,0.0,0.0,0.0,0.0,0.0,0,,,0
E000196,1,P008001,a_remplacer,9.80181343246892,habitation,3,,nan,0.0,0.0,1,0.0,0.0,0.0,0.0,0.0,0,,,0
E000196,1,P000719,a_remplacer,10.698159350814,habitation,3,,nan,0.0,0.0,1,0.0,0.0,0.0,0.0,0.0,0,,,0
E000196,1,P000719,a_remplacer,10.698159350814,habitation,3,,nan,0.0,0.0,1,0.0,0.0,0.0,0.0,0.0,0,,,0
E000196,1,P008001,a_remplacer,9.80181343246892,habitation,3,,nan,0.0,0.0,1,0.0,0.0,0.0,0.0,0.0,0,,,0
E000196,1,P000732,a_remplacer,10.7871386086093,habitation,3,,nan,0.0,0.0,1,0.0,0.0,0.0,0.0,0.0,0,,,0
E000196,1,P005100,a_remplacer,6.25975675306654,habitation,3,,nan,0.0,0.0,1,0.0,0.0,0.0,0.0,0.0,0,,,0
E000197,1,P005100,a_remplacer,6.25975675306654,habitation,4,,nan,0.0,0.0,1,0.0,0.0,0.0,0.0,0.0,0,,,0
E000197,1,P000732,a_remplacer,10.7871386086093,habitation,4,,nan,0.0,0.0,1,0.0,0.0,0.0,0.0,0.0,0,,,0
E000197,1,P008001,a_remplacer,9.80181343246892,habitation,4,,nan,0.0,0.0,1,0.0,0.0,0.0,0.0,0.0,0,,,0
E000197,1,P000719,a_remplacer,10.698159350814,habitation,4,,nan,0.0,0.0,1,0.0,0.0,0.0,0.0,0.0,0,,,0
E000197,1,P008003,a_remplacer,16.9947899061457,habitation,4,,nan,0.0,0.0,1,0.0,0.0,0.0,0.0,0.0,0,,,0
E000197,1,P008004,a_remplacer,4.2679056836056,habitation,4,,nan,0.0,0.0,1,0.0,0.0,0.0,0.0,0.0,0,,,0
E000197,1,P000494,a_remplacer,4.84007013228732,habitation,4,,nan,0.0,0.0,1,0.0,0.0,0.0,0.0,0.0,0,,,0
E000197,1,P000494,a_remplacer,4.84007013228732,habitation,4,,nan,0.0,0.0,1,0.0,0.0,0.0,0.0,0.0,0,,,0
E000197,1,P000748,a_remplacer,4.62412685627937,habitation,4,,nan,0.0,0.0,1,0.0,0.0,0.0,0.0,0.0,0,,,0
E000197,1,P007763,a_remplacer,6.65725214040895,habitation,4,,nan,0.0,0.0,1,0.0,0.0,0.0,0.0,0.0,0,,,0
E000198,1,P005100,a_remplacer,6.25975675306654,habitation,2,,nan,0.0,0.0,1,0.0,0.0,0.0,0.0,0.0,0,,,0
E000198,1,P000732,a_remplacer,10.7871386086093,habitation,2,,nan,0.0,0.0,1,0.0,0.0,0.0,0.0,0.0,0,,,0
E000198,1,P008001,a_remplacer,9.80181343246892,habitation,2,,nan,0.0,0.0,1,0.0,0.0,0.0,0.0,0.0,0,,,0
E000198,1,P000719,a_remplacer,10.698159350814,habitation,2,,nan,0.0,0.0,1,0.0,0.0,0.0,0.0,0.0,0,,,0
E000198,1,P008003,a_remplacer,16.9947899061457,habitation,2,,nan,0.0,0.0,1,0.0,0.0,0.0,0.0,0.0,0,,,0
E000198,1,P008004,a_remplacer,4.2679056836056,habitation,2,,nan,0.0,0.0,1,0.0,0.0,0.0,0.0,0.0,0,,,0
E000198,1,P000494,a_remplacer,4.84007013228732,habitation,2,,nan,0.0,0.0,1,0.0,0.0,0.0,0.0,0.0,0,,,0
E000198,1,P008010,a_remplacer,7.57564714734482,habitation,2,,nan,0.0,0.0,1,0.0,0.0,0.0,0.0,0.0,0,,,0
E000198,1,P008014,a_remplacer,13.8302331906613,habitation,2,,nan,0.0,0.0,1,0.0,0.0,0.0,0.0,0.0,0,,,0
E000198,1,P007695,a_remplacer,4.38499382431335,habitation,2,,nan,0.0,0.0,1,0.0,0.0,0.0,0.0,0.0,0,,,0
E000222,1,P005820,a_remplacer,14.5718479009645,habitation,6,,nan,0.0,0.0,1,0.0,0.0,0.0,0.0,0.0,0,,,0
E000222,1,P007627,a_remplacer,8.53830202306228,habitation,6,,nan,0.0,0.0,1,0.0,0.0,0.0,0.0,0.0,0,,,0
E000225,1,P005100,a_remplacer,6.25975675306654,habitation,5,,nan,0.0,0.0,1,0.0,0.0,0.0,0.0,0.0,0,,,0
E000225,1,P000732,a_remplacer,10.7871386086093,habitation,5,,nan,0.0,0.0,1,0.0,0.0,0.0,0.0,0.0,0,,,0
E000225,1,P008001,a_remplacer,9.80181343246892,habitation,5,,nan,0.0,0.0,1,0.0,0.0,0.0,0.0,0.0,0,,,0
E000225,1,P000719,a_remplacer,10.698159350814,habitation,5,,nan,0.0,0.0,1,0.0,0.0,0.0,0.0,0.0,0,,,0
E000225,1,P000719,a_remplacer,10.698159350814,habitation,5,,nan,0.0,0.0,1,0.0,0.0,0.0,0.0,0.0,0,,,0
E000225,1,P008001,a_remplacer,9.80181343246892,habitation,5,,nan,0.0,0.0,1,0.0,0.0,0.0,0.0,0.0,0,,,0
E000225,1,P000732,a_remplacer,10.7871386086093,habitation,5,,nan,0.0,0.0,1,0.0,0.0,0.0,0.0,0.0,0,,,0
E000225,1,P005100,a_remplacer,6.25975675306654,habitation,5,,nan,0.0,0.0,1,0.0,0.0,0.0,0.0,0.0,0,,,0
E000226,1,P005100,a_remplacer,6.25975675306654,habitation,2,,nan,0.0,0.0,1,0.0,0.0,0.0,0.0,0.0,0,,,0
E000226,1,P000732,a_remplacer,10.7871386086093,habitation,2,,nan,0.0,0.0,1,0.0,0.0,0.0,0.0,0.0,0,,,0
E000226,1,P008001,a_remplacer,9.80181343246892,habitation,2,,nan,0.0,0.0,1,0.0,0.0,0.0,0.0,0.0,0,,,0
E000226,1,P000719,a_remplacer,10.698159350814,habitation,2,,nan,0.0,0.0,1,0.0,0.0,0.0,0.0,0.0,0,,,0
E000226,1,P008003,a_remplacer,16.9947899061457,habitation,2,,nan,0.0,0.0,1,0.0,0.0,0.0,0.0,0.0,0,,,0
E000226,1,P008004,a_remplacer,4.2679056836056,habitation,2,,nan,0.0,0.0,1,0.0,0.0,0.0,0.0,0.0,0,,,0
E000226,1,P000494,a_remplacer,4.84007013228732,habitation,2,,nan,0.0,0.0,1,0.0,0.0,0.0,0.0,0.0,0,,,0
E000226,1,P000494,a_remplacer,4.84007013228732,habitation,2,,nan,0.0,0.0,1,0.0,0.0,0.0,0.0,0.0,0,,,0
E000226,1,P008004,a_remplacer,4.2679056836056,habitation,2,,nan,0.0,0.0,1,0.0,0.0,0.0,0.0,0.0,0,,,0
E000226,1,P000744,a_remplacer,5.56320770970003,habitation,2,,nan,0.0,0.0,1,0.0,0.0,0.0,0.0,0.0,0,,,0
E000226,1,P007458,a_remplacer,6.8843047480427,habitation,2,,nan,0.0,0.0,1,0.0,0.0,0.0,0.0,0.0,0,,,0
E000227,1,P005100,a_remplacer,6.25975675306654,habitation,2,,nan,0.0,0.0,1,0.0,0.0,0.0,0.0,0.0,0,,,0
E000227,1,P000732,a_remplacer,10.7871386086093,habitation,2,,nan,0.0,0.0,1,0.0,0.0,0.0,0.0,0.0,0,,,0
E000227,1,P008001,a_remplacer,9.80181343246892,habitation,2,,nan,0.0,0.0,1,0.0,0.0,0.0,0.0,0.0,0,,,0
E000227,1,P000719,a_remplacer,10.698159350814,habitation,2,,nan,0.0,0.0,1,0.0,0.0,0.0,0.0,0.0,0,,,0
E000227,1,P008003,a_remplacer,16.9947899061457,habitation,2,,nan,0.0,0.0,1,0.0,0.0,0.0,0.0,0.0,0,,,0
E000227,1,P008004,a_remplacer,4.2679056836056,habitation,2,,nan,0.0,0.0,1,0.0,0.0,0.0,0.0,0.0,0,,,0
E000227,1,P000494,a_remplacer,4.84007013228732,habitation,2,,nan,0.0,0.0,1,0.0,0.0,0.0,0.0,0.0,0,,,0
E000227,1,P000494,a_remplacer,4.84007013228732,habitation,2,,nan,0.0,0.0,1,0.0,0.0,0.0,0.0,0.0,0,,,0
E000227,1,P008004,a_remplacer,4.2679056836056,habitation,2,,nan,0.0,0.0,1,0.0,0.0,0.0,0.0,0.0,0,,,0
E000227,1,P000744,a_remplacer,5.56320770970003,habitation,2,,nan,0.0,0.0,1,0.0,0.0,0.0,0.0,0.0,0,,,0
E000227,1,P007686,a_remplacer,7.59049553958964,habitation,2,,nan,0.0,0.0,1,0.0,0.0,0.0,0.0,0.0,0,,,0
E000228,1,P005100,a_remplacer,6.25975675306654,habitation,8,,nan,0.0,0.0,1,0.0,0.0,0.0,0.0,0.0,0,,,0
E000228,1,P000732,a_remplacer,10.7871386086093,habitation,8,,nan,0.0,0.0,1,0.0,0.0,0.0,0.0,0.0,0,,,0
E000228,1,P008001,a_remplacer,9.80181343246892,habitation,8,,nan,0.0,0.0,1,0.0,0.0,0.0,0.0,0.0,0,,,0
E000228,1,P000719,a_remplacer,10.698159350814,habitation,8,,nan,0.0,0.0,1,0.0,0.0,0.0,0.0,0.0,0,,,0
E000228,1,P008003,a_remplacer,16.9947899061457,habitation,8,,nan,0.0,0.0,1,0.0,0.0,0.0,0.0,0.0,0,,,0
E000228,1,P008004,a_remplacer,4.2679056836056,habitation,8,,nan,0.0,0.0,1,0.0,0.0,0.0,0.0,0.0,0,,,0
E000228,1,P000494,a_remplacer,4.84007013228732,habitation,8,,nan,0.0,0.0,1,0.0,0.0,0.0,0.0,0.0,0,,,0
E000228,1,P008010,a_remplacer,7.57564714734482,habitation,8,,nan,0.0,0.0,1,0.0,0.0,0.0,0.0,0.0,0,,,0
E000228,1,P008012,a_remplacer,2.80432575486411,habitation,8,,nan,0.0,0.0,1,0.0,0.0,0.0,0.0,0.0,0,,,0
E000228,1,P008011,a_remplacer,10.0806400820172,habitation,8,,nan,0.0,0.0,1,0.0,0.0,0.0,0.0,0.0,0,,,0
E000228,1,P007810,a_remplacer,0.372684471449813,habitation,8,,nan,0.0,0.0,1,0.0,0.0,0.0,0.0,0.0,0,,,0
E000229,1,P005100,a_remplacer,6.25975675306654,habitation,1,,nan,0.0,0.0,1,0.0,0.0,0.0,0.0,0.0,0,,,0
E000229,1,P000732,a_remplacer,10.7871386086093,habitation,1,,nan,0.0,0.0,1,0.0,0.0,0.0,0.0,0.0,0,,,0
E000229,1,P008001,a_remplacer,9.80181343246892,habitation,1,,nan,0.0,0.0,1,0.0,0.0,0.0,0.0,0.0,0,,,0
E000229,1,P000719,a_remplacer,10.698159350814,habitation,1,,nan,0.0,0.0,1,0.0,0.0,0.0,0.0,0.0,0,,,0
E000229,1,P008003,a_remplacer,16.9947899061457,habitation,1,,nan,0.0,0.0,1,0.0,0.0,0.0,0.0,0.0,0,,,0
E000229,1,P008004,a_remplacer,4.2679056836056,habitation,1,,nan,0.0,0.0,1,0.0,0.0,0.0,0.0,0.0,0,,,0
E000229,1,P000494,a_remplacer,4.84007013228732,habitation,1,,nan,0.0,0.0,1,0.0,0.0,0.0,0.0,0.0,0,,,0
E000229,1,P008010,a_remplacer,7.57564714734482,habitation,1,,nan,0.0,0.0,1,0.0,0.0,0.0,0.0,0.0,0,,,0
E000229,1,P008012,a_remplacer,2.80432575486411,habitation,1,,nan,0.0,0.0,1,0.0,0.0,0.0,0.0,0.0,0,,,0
E000229,1,P008011,a_remplacer,10.0806400820172,habitation,1,,nan,0.0,0.0,1,0.0,0.0,0.0,0.0,0.0,0,,,0
E000229,1,P007731,a_remplacer,3.79968906454059,habitation,1,,nan,0.0,0.0,1,0.0,0.0,0.0,0.0,0.0,0,,,0
E000252,1,P005820,a_remplacer,14.5718479009645,habitation,5,,nan,0.0,0.0,1,0.0,0.0,0.0,0.0,0.0,0,,,0
E000252,1,P007988,a_remplacer,17.9351395403247,habitation,5,,nan,0.0,0.0,1,0.0,0.0,0.0,0.0,0.0,0,,,0
E000252,1,P007698,a_remplacer,9.47252997174691,habitation,5,,nan,0.0,0.0,1,0.0,0.0,0.0,0.0,0.0,0,,,0
E000257,1,P005100,a_remplacer,6.25975675306654,habitation,1,,nan,0.0,0.0,1,0.0,0.0,0.0,0.0,0.0,0,,,0
E000257,1,P000732,a_remplacer,10.7871386086093,habitation,1,,nan,0.0,0.0,1,0.0,0.0,0.0,0.0,0.0,0,,,0
E000257,1,P008001,a_remplacer,9.80181343246892,habitation,1,,nan,0.0,0.0,1,0.0,0.0,0.0,0.0,0.0,0,,,0
E000257,1,P000719,a_remplacer,10.698159350814,habitation,1,,nan,0.0,0.0,1,0.0,0.0,0.0,0.0,0.0,0,,,0
E000257,1,P000719,a_remplacer,10.698159350814,habitation,1,,nan,0.0,0.0,1,0.0,0.0,0.0,0.0,0.0,0,,,0
E000257,1,P008001,a_remplacer,9.80181343246892,habitation,1,,nan,0.0,0.0,1,0.0,0.0,0.0,0.0,0.0,0,,,0
E000257,1,P000732,a_remplacer,10.7871386086093,habitation,1,,nan,0.0,0.0,1,0.0,0.0,0.0,0.0,0.0,0,,,0
E000257,1,P005100,a_remplacer,6.25975675306654,habitation,1,,nan,0.0,0.0,1,0.0,0.0,0.0,0.0,0.0,0,,,0
E000257,1,P005193,a_remplacer,14.491126102841,habitation,1,,nan,0.0,0.0,1,0.0,0.0,0.0,0.0,0.0,0,,,0
E000257,1,P007992,a_remplacer,10.3986057299725,habitation,1,,nan,0.0,0.0,1,0.0,0.0,0.0,0.0,0.0,0,,,0
E000257,1,P007648,a_remplacer,3.39796783687204,habitation,1,,nan,0.0,0.0,1,0.0,0.0,0.0,0.0,0.0,0,,,0
E000258,1,P005100,a_remplacer,6.25975675306654,habitation,6,,nan,0.0,0.0,1,0.0,0.0,0.0,0.0,0.0,0,,,0
E000258,1,P000732,a_remplacer,10.7871386086093,habitation,6,,nan,0.0,0.0,1,0.0,0.0,0.0,0.0,0.0,0,,,0
E000258,1,P008001,a_remplacer,9.80181343246892,habitation,6,,nan,0.0,0.0,1,0.0,0.0,0.0,0.0,0.0,0,,,0
E000258,1,P000719,a_remplacer,10.698159350814,habitation,6,,nan,0.0,0.0,1,0.0,0.0,0.0,0.0,0.0,0,,,0
E000258,1,P000719,a_remplacer,10.698159350814,habitation,6,,nan,0.0,0.0,1,0.0,0.0,0.0,0.0,0.0,0,,,0
E000258,1,P008001,a_remplacer,9.80181343246892,habitation,6,,nan,0.0,0.0,1,0.0,0.0,0.0,0.0,0.0,0,,,0
E000258,1,P000732,a_remplacer,10.7871386086093,habitation,6,,nan,0.0,0.0,1,0.0,0.0,0.0,0.0,0.0,0,,,0
E000258,1,P005100,a_remplacer,6.25975675306654,habitation,6,,nan,0.0,0.0,1,0.0,0.0,0.0,0.0,0.0,0,,,0
E000259,1,P005100,a_remplacer,6.25975675306654,habitation,8,,nan,0.0,0.0,1,0.0,0.0,0.0,0.0,0.0,0,,,0
E000259,1,P000732,a_remplacer,10.7871386086093,habitation,8,,nan,0.0,0.0,1,0.0,0.0,0.0,0.0,0.0,0,,,0
E000259,1,P008001,a_remplacer,9.80181343246892,habitation,8,,nan,0.0,0.0,1,0.0,0.0,0.0,0.0,0.0,0,,,0
E000259,1,P000719,a_remplacer,10.698159350814,habitation,8,,nan,0.0,0.0,1,0.0,0.0,0.0,0.0,0.0,0,,,0
E000259,1,P000719,a_remplacer,10.698159350814,habitation,8,,nan,0.0,0.0,1,0.0,0.0,0.0,0.0,0.0,0,,,0
E000259,1,P008001,a_remplacer,9.80181343246892,habitation,8,,nan,0.0,0.0,1,0.0,0.0,0.0,0.0,0.0,0,,,0
E000259,1,P000732,a_remplacer,10.7871386086093,habitation,8,,nan,0.0,0.0,1,0.0,0.0,0.0,0.0,0.0,0,,,0
E000259,1,P005100,a_remplacer,6.25975675306654,habitation,8,,nan,0.0,0.0,1,0.0,0.0,0.0,0.0,0.0,0,,,0
E000260,1,P005100,a_remplacer,6.25975675306654,habitation,7,,nan,0.0,0.0,1,0.0,0.0,0.0,0.0,0.0,0,,,0
E000260,1,P000732,a_remplacer,10.7871386086093,habitation,7,,nan,0.0,0.0,1,0.0,0.0,0.0,0.0,0.0,0,,,0
E000260,1,P008001,a_remplacer,9.80181343246892,habitation,7,,nan,0.0,0.0,1,0.0,0.0,0.0,0.0,0.0,0,,,0
E000260,1,P000719,a_remplacer,10.698159350814,habitation,7,,nan,0.0,0.0,1,0.0,0.0,0.0,0.0,0.0,0,,,0
E000260,1,P008003,a_remplacer,16.9947899061457,habitation,7,,nan,0.0,0.0,1,0.0,0.0,0.0,0.0,0.0,0,,,0
E000260,1,P008004,a_remplacer,4.2679056836056,habitation,7,,nan,0.0,0.0,1,0.0,0.0,0.0,0.0,0.0,0,,,0
E000260,1,P000494,a_remplacer,4.84007013228732,habitation,7,,nan,0.0,0.0,1,0.0,0.0,0.0,0.0,0.0,0,,,0
E000260,1,P008010,a_remplacer,7.57564714734482,habitation,7,,nan,0.0,0.0,1,0.0,0.0,0.0,0.0,0.0,0,,,0
E000260,1,P008012,a_remplacer,2.80432575486411,habitation,7,,nan,0.0,0.0,1,0.0,0.0,0.0,0.0,0.0,0,,,0
E000260,1,P008013,a_remplacer,8.28759638847956,habitation,7,,nan,0.0,0.0,1,0.0,0.0,0.0,0.0,0.0,0,,,0
E000260,1,P000740,a_remplacer,5.23566836620947,habitation,7,,nan,0.0,0.0,1,0.0,0.0,0.0,0.0,0.0,0,,,0
E000260,1,P007702,a_remplacer,4.73832300241692,habitation,7,,nan,0.0,0.0,1,0.0,0.0,0.0,0.0,0.0,0,,,0
E000266,1,P006709,a_remplacer,13.4212136147779,habitation,8,,nan,0.0,0.0,1,0.0,0.0,0.0,0.0,0.0,0,,,0
E000266,1,P008025,a_remplacer,10.7673305164675,habitation,8,,nan,0.0,0.0,1,0.0,0.0,0.0,0.0,0.0,0,,,0
E000266,1,P007692,a_remplacer,9.64962873769354,habitation,8,,nan,0.0,0.0,1,0.0,0.0,0.0,0.0,0.0,0,,,0
E000267,1,P006457,a_remplacer,9.77631599620947,habitation,4,,nan,0.0,0.0,1,0.0,0.0,0.0,0.0,0.0,0,,,0
E000267,1,P003569,a_remplacer,8.31138115880164,habitation,4,,nan,0.0,0.0,1,0.0,0.0,0.0,0.0,0.0,0,,,0
E000267,1,P007777,a_remplacer,8.95144561872574,habitation,4,,nan,0.0,0.0,1,0.0,0.0,0.0,0.0,0.0,0,,,0
E000268,1,P006457,a_remplacer,9.77631599620947,habitation,6,,nan,0.0,0.0,1,0.0,0.0,0.0,0.0,0.0,0,,,0
E000268,1,P003569,a_remplacer,8.31138115880164,habitation,6,,nan,0.0,0.0,1,0.0,0.0,0.0,0.0,0.0,0,,,0
E000268,1,P007696,a_remplacer,14.6793721892947,habitation,6,,nan,0.0,0.0,1,0.0,0.0,0.0,0.0,0.0,0,,,0
E000274,1,P005781,a_remplacer,14.510677085006,habitation,4,,nan,0.0,0.0,1,0.0,0.0,0.0,0.0,0.0,0,,,0
E000274,1,P007539,a_remplacer,6.64993672554073,habitation,4,,nan,0.0,0.0,1,0.0,0.0,0.0,0.0,0.0,0,,,0
E000275,1,P005100,a_remplacer,6.25975675306654,habitation,1,,nan,0.0,0.0,1,0.0,0.0,0.0,0.0,0.0,0,,,0
E000275,1,P000732,a_remplacer,10.7871386086093,habitation,1,,nan,0.0,0.0,1,0.0,0.0,0.0,0.0,0.0,0,,,0
E000275,1,P008001,a_remplacer,9.80181343246892,habitation,1,,nan,0.0,0.0,1,0.0,0.0,0.0,0.0,0.0,0,,,0
E000275,1,P000719,a_remplacer,10.698159350814,habitation,1,,nan,0.0,0.0,1,0.0,0.0,0.0,0.0,0.0,0,,,0
E000275,1,P008003,a_remplacer,16.9947899061457,habitation,1,,nan,0.0,0.0,1,0.0,0.0,0.0,0.0,0.0,0,,,0
E000275,1,P008004,a_remplacer,4.2679056836056,habitation,1,,nan,0.0,0.0,1,0.0,0.0,0.0,0.0,0.0,0,,,0
E000275,1,P000494,a_remplacer,4.84007013228732,habitation,1,,nan,0.0,0.0,1,0.0,0.0,0.0,0.0,0.0,0,,,0
E000275,1,P008010,a_remplacer,7.57564714734482,habitation,1,,nan,0.0,0.0,1,0.0,0.0,0.0,0.0,0.0,0,,,0
E000275,1,P008012,a_remplacer,2.80432575486411,habitation,1,,nan,0.0,0.0,1,0.0,0.0,0.0,0.0,0.0,0,,,0
E000275,1,P008013,a_remplacer,8.28759638847956,habitation,1,,nan,0.0,0.0,1,0.0,0.0,0.0,0.0,0.0,0,,,0
E000275,1,P000476,a_remplacer,4.08484495788828,habitation,1,,nan,0.0,0.0,1,0.0,0.0,0.0,0.0,0.0,0,,,0
E000275,1,P000717,a_remplacer,5.06471817304192,habitation,1,,nan,0.0,0.0,1,0.0,0.0,0.0,0.0,0.0,0,,,0
E000275,1,P007618,a_remplacer,3.98512786168602,habitation,1,,nan,0.0,0.0,1,0.0,0.0,0.0,0.0,0.0,0,,,0
E000293,1,P006709,a_remplacer,13.4212136147779,habitation,4,,nan,0.0,0.0,1,0.0,0.0,0.0,0.0,0.0,0,,,0
E000293,1,P008025,a_remplacer,10.7673305164675,habitation,4,,nan,0.0,0.0,1,0.0,0.0,0.0,0.0,0.0,0,,,0
E000293,1,P003849,a_remplacer,4.45174541295179,habitation,4,,nan,0.0,0.0,1,0.0,0.0,0.0,0.0,0.0,0,,,0
E000293,1,P007713,a_remplacer,14.7479475229988,habitation,4,,nan,0.0,0.0,1,0.0,0.0,0.0,0.0,0.0,0,,,0
E000301,1,P005726,a_remplacer,13.6049409361135,habitation,3,,nan,0.0,0.0,1,0.0,0.0,0.0,0.0,0.0,0,,,0
E000301,1,P007994,a_remplacer,5.03354509521443,habitation,3,,nan,0.0,0.0,1,0.0,0.0,0.0,0.0,0.0,0,,,0
E000301,1,P003202,a_remplacer,3.57039201834049,habitation,3,,nan,0.0,0.0,1,0.0,0.0,0.0,0.0,0.0,0,,,0
E000301,1,P007597,a_remplacer,6.31480197224767,habitation,3,,nan,0.0,0.0,1,0.0,0.0,0.0,0.0,0.0,0,,,0
E000302,1,P005100,a_remplacer,6.25975675306654,habitation,7,,nan,0.0,0.0,1,0.0,0.0,0.0,0.0,0.0,0,,,0
E000302,1,P000732,a_remplacer,10.7871386086093,habitation,7,,nan,0.0,0.0,1,0.0,0.0,0.0,0.0,0.0,0,,,0
E000302,1,P008001,a_remplacer,9.80181343246892,habitation,7,,nan,0.0,0.0,1,0.0,0.0,0.0,0.0,0.0,0,,,0
E000302,1,P000719,a_remplacer,10.698159350814,habitation,7,,nan,0.0,0.0,1,0.0,0.0,0.0,0.0,0.0,0,,,0
E000302,1,P000719,a_remplacer,10.698159350814,habitation,7,,nan,0.0,0.0,1,0.0,0.0,0.0,0.0,0.0,0,,,0
E000302,1,P008001,a_remplacer,9.80181343246892,habitation,7,,nan,0.0,0.0,1,0.0,0.0,0.0,0.0,0.0,0,,,0
E000302,1,P000732,a_remplacer,10.7871386086093,habitation,7,,nan,0.0,0.0,1,0.0,0.0,0.0,0.0,0.0,0,,,0
E000302,1,P005100,a_remplacer,6.25975675306654,habitation,7,,nan,0.0,0.0,1,0.0,0.0,0.0,0.0,0.0,0,,,0
E000302,1,P005100,a_remplacer,6.25975675306654,habitation,7,,nan,0.0,0.0,1,0.0,0.0,0.0,0.0,0.0,0,,,0
E000302,1,P000732,a_remplacer,10.7871386086093,habitation,7,,nan,0.0,0.0,1,0.0,0.0,0.0,0.0,0.0,0,,,0
E000302,1,P000730,a_remplacer,1.29899271965775,habitation,7,,nan,0.0,0.0,1,0.0,0.0,0.0,0.0,0.0,0,,,0
E000302,1,P007631,a_remplacer,4.7919164305287,habitation,7,,nan,0.0,0.0,1,0.0,0.0,0.0,0.0,0.0,0,,,0
E000303,1,P005100,a_remplacer,6.25975675306654,habitation,4,,nan,0.0,0.0,1,0.0,0.0,0.0,0.0,0.0,0,,,0
E000303,1,P000732,a_remplacer,10.7871386086093,habitation,4,,nan,0.0,0.0,1,0.0,0.0,0.0,0.0,0.0,0,,,0
E000303,1,P008001,a_remplacer,9.80181343246892,habitation,4,,nan,0.0,0.0,1,0.0,0.0,0.0,0.0,0.0,0,,,0
E000303,1,P000719,a_remplacer,10.698159350814,habitation,4,,nan,0.0,0.0,1,0.0,0.0,0.0,0.0,0.0,0,,,0
E000303,1,P008003,a_remplacer,16.9947899061457,habitation,4,,nan,0.0,0.0,1,0.0,0.0,0.0,0.0,0.0,0,,,0
E000303,1,P008004,a_remplacer,4.2679056836056,habitation,4,,nan,0.0,0.0,1,0.0,0.0,0.0,0.0,0.0,0,,,0
E000303,1,P000494,a_remplacer,4.84007013228732,habitation,4,,nan,0.0,0.0,1,0.0,0.0,0.0,0.0,0.0,0,,,0
E000303,1,P008010,a_remplacer,7.57564714734482,habitation,4,,nan,0.0,0.0,1,0.0,0.0,0.0,0.0,0.0,0,,,0
E000303,1,P008012,a_remplacer,2.80432575486411,habitation,4,,nan,0.0,0.0,1,0.0,0.0,0.0,0.0,0.0,0,,,0
E000303,1,P008013,a_remplacer,8.28759638847956,habitation,4,,nan,0.0,0.0,1,0.0,0.0,0.0,0.0,0.0,0,,,0
E000303,1,P000476,a_remplacer,4.08484495788828,habitation,4,,nan,0.0,0.0,1,0.0,0.0,0.0,0.0,0.0,0,,,0
E000303,1,P008016,a_remplacer,8.04338585809972,habitation,4,,nan,0.0,0.0,1,0.0,0.0,0.0,0.0,0.0,0,,,0
E000303,1,P008020,a_remplacer,11.7528304195152,habitation,4,,nan,0.0,0.0,1,0.0,0.0,0.0,0.0,0.0,0,,,0
E000303,1,P007567,a_remplacer,4.70550586894857,habitation,4,,nan,0.0,0.0,1,0.0,0.0,0.0,0.0,0.0,0,,,0
E000315,1,P005726,a_remplacer,13.6049409361135,habitation,4,,nan,0.0,0.0,1,0.0,0.0,0.0,0.0,0.0,0,,,0
E000315,1,P007994,a_remplacer,5.03354509521443,habitation,4,,nan,0.0,0.0,1,0.0,0.0,0.0,0.0,0.0,0,,,0
E000315,1,P007995,a_remplacer,20.6914541519515,habitation,4,,nan,0.0,0.0,1,0.0,0.0,0.0,0.0,0.0,0,,,0
E000315,1,P003330,a_remplacer,1.95148972393884,habitation,4,,nan,0.0,0.0,1,0.0,0.0,0.0,0.0,0.0,0,,,0
E000315,1,P007770,a_remplacer,3.21575403753504,habitation,4,,nan,0.0,0.0,1,0.0,0.0,0.0,0.0,0.0,0,,,0
E000316,1,P005726,a_remplacer,13.6049409361135,habitation,5,,nan,0.0,0.0,1,0.0,0.0,0.0,0.0,0.0,0,,,0
E000316,1,P007994,a_remplacer,5.03354509521443,habitation,5,,nan,0.0,0.0,1,0.0,0.0,0.0,0.0,0.0,0,,,0
E000316,1,P007995,a_remplacer,20.6914541519515,habitation,5,,nan,0.0,0.0,1,0.0,0.0,0.0,0.0,0.0,0,,,0
E000316,1,P007996,a_remplacer,9.96720012610787,habitation,5,,nan,0.0,0.0,1,0.0,0.0,0.0,0.0,0.0,0,,,0
E000316,1,P007662,a_remplacer,1.45309505359909,habitation,5,,nan,0.0,0.0,1,0.0,0.0,0.0,0.0,0.0,0,,,0
E000317,1,P005100,a_remplacer,6.25975675306654,habitation,2,,nan,0.0,0.0,1,0.0,0.0,0.0,0.0,0.0,0,,,0
E000317,1,P000732,a_remplacer,10.7871386086093,habitation,2,,nan,0.0,0.0,1,0.0,0.0,0.0,0.0,0.0,0,,,0
E000317,1,P008001,a_remplacer,9.80181343246892,habitation,2,,nan,0.0,0.0,1,0.0,0.0,0.0,0.0,0.0,0,,,0
E000317,1,P000719,a_remplacer,10.698159350814,habitation,2,,nan,0.0,0.0,1,0.0,0.0,0.0,0.0,0.0,0,,,0
E000317,1,P008003,a_remplacer,16.9947899061457,habitation,2,,nan,0.0,0.0,1,0.0,0.0,0.0,0.0,0.0,0,,,0
E000317,1,P008004,a_remplacer,4.2679056836056,habitation,2,,nan,0.0,0.0,1,0.0,0.0,0.0,0.0,0.0,0,,,0
E000317,1,P000494,a_remplacer,4.84007013228732,habitation,2,,nan,0.0,0.0,1,0.0,0.0,0.0,0.0,0.0,0,,,0
E000317,1,P008010,a_remplacer,7.57564714734482,habitation,2,,nan,0.0,0.0,1,0.0,0.0,0.0,0.0,0.0,0,,,0
E000317,1,P008012,a_remplacer,2.80432575486411,habitation,2,,nan,0.0,0.0,1,0.0,0.0,0.0,0.0,0.0,0,,,0
E000317,1,P008013,a_remplacer,8.28759638847956,habitation,2,,nan,0.0,0.0,1,0.0,0.0,0.0,0.0,0.0,0,,,0
E000317,1,P000476,a_remplacer,4.08484495788828,habitation,2,,nan,0.0,0.0,1,0.0,0.0,0.0,0.0,0.0,0,,,0
E000317,1,P008016,a_remplacer,8.04338585809972,habitation,2,,nan,0.0,0.0,1,0.0,0.0,0.0,0.0,0.0,0,,,0
E000317,1,P000470,a_remplacer,2.57224945914596,habitation,2,,nan,0.0,0.0,1,0.0,0.0,0.0,0.0,0.0,0,,,0
E000317,1,P000635,a_remplacer,5.16644492273189,habitation,2,,nan,0.0,0.0,1,0.0,0.0,0.0,0.0,0.0,0,,,0
E000317,1,P007584,a_remplacer,3.081639376471,habitation,2,,nan,0.0,0.0,1,0.0,0.0,0.0,0.0,0.0,0,,,0
E000322,1,P006712,a_remplacer,12.5562775429942,habitation,5,,nan,0.0,0.0,1,0.0,0.0,0.0,0.0,0.0,0,,,0
E000322,1,P003802,a_remplacer,12.5012019609488,habitation,5,,nan,0.0,0.0,1,0.0,0.0,0.0,0.0,0.0,0,,,0
E000322,1,P007602,a_remplacer,11.2388526888587,habitation,5,,nan,0.0,0.0,1,0.0,0.0,0.0,0.0,0.0,0,,,0
E000325,1,P006709,a_remplacer,13.4212136147779,habitation,3,,nan,0.0,0.0,1,0.0,0.0,0.0,0.0,0.0,0,,,0
E000325,1,P008025,a_remplacer,10.7673305164675,habitation,3,,nan,0.0,0.0,1,0.0,0.0,0.0,0.0,0.0,0,,,0
E000325,1,P003849,a_remplacer,4.45174541295179,habitation,3,,nan,0.0,0.0,1,0.0,0.0,0.0,0.0,0.0,0,,,0
E000325,1,P008029,a_remplacer,32.2334229767792,habitation,3,,nan,0.0,0.0,1,0.0,0.0,0.0,0.0,0.0,0,,,0
E000325,1,P003934,a_remplacer,6.60463481490573,habitation,3,,nan,0.0,0.0,1,0.0,0.0,0.0,0.0,0.0,0,,,0
E000325,1,P007552,a_remplacer,8.33224937288682,habitation,3,,nan,0.0,0.0,1,0.0,0.0,0.0,0.0,0.0,0,,,0
E000326,1,P006709,a_remplacer,13.4212136147779,habitation,3,,nan,0.0,0.0,1,0.0,0.0,0.0,0.0,0.0,0,,,0
E000326,1,P008025,a_remplacer,10.7673305164675,habitation,3,,nan,0.0,0.0,1,0.0,0.0,0.0,0.0,0.0,0,,,0
E000326,1,P003849,a_remplacer,4.45174541295179,habitation,3,,nan,0.0,0.0,1,0.0,0.0,0.0,0.0,0.0,0,,,0
E000326,1,P008029,a_remplacer,32.2334229767792,habitation,3,,nan,0.0,0.0,1,0.0,0.0,0.0,0.0,0.0,0,,,0
E000326,1,P008030,a_remplacer,10.1313417193291,habitation,3,,nan,0.0,0.0,1,0.0,0.0,0.0,0.0,0.0,0,,,0
E000326,1,P007715,a_remplacer,11.9577038177932,habitation,3,,nan,0.0,0.0,1,0.0,0.0,0.0,0.0,0.0,0,,,0
E000327,1,P005100,a_remplacer,6.25975675306654,habitation,3,,nan,0.0,0.0,1,0.0,0.0,0.0,0.0,0.0,0,,,0
E000327,1,P000732,a_remplacer,10.7871386086093,habitation,3,,nan,0.0,0.0,1,0.0,0.0,0.0,0.0,0.0,0,,,0
E000327,1,P008001,a_remplacer,9.80181343246892,habitation,3,,nan,0.0,0.0,1,0.0,0.0,0.0,0.0,0.0,0,,,0
E000327,1,P000719,a_remplacer,10.698159350814,habitation,3,,nan,0.0,0.0,1,0.0,0.0,0.0,0.0,0.0,0,,,0
E000327,1,P008003,a_remplacer,16.9947899061457,habitation,3,,nan,0.0,0.0,1,0.0,0.0,0.0,0.0,0.0,0,,,0
E000327,1,P008004,a_remplacer,4.2679056836056,habitation,3,,nan,0.0,0.0,1,0.0,0.0,0.0,0.0,0.0,0,,,0
E000327,1,P000494,a_remplacer,4.84007013228732,habitation,3,,nan,0.0,0.0,1,0.0,0.0,0.0,0.0,0.0,0,,,0
E000327,1,P008010,a_remplacer,7.57564714734482,habitation,3,,nan,0.0,0.0,1,0.0,0.0,0.0,0.0,0.0,0,,,0
E000327,1,P008012,a_remplacer,2.80432575486411,habitation,3,,nan,0.0,0.0,1,0.0,0.0,0.0,0.0,0.0,0,,,0
E000327,1,P008013,a_remplacer,8.28759638847956,habitation,3,,nan,0.0,0.0,1,0.0,0.0,0.0,0.0,0.0,0,,,0
E000327,1,P000476,a_remplacer,4.08484495788828,habitation,3,,nan,0.0,0.0,1,0.0,0.0,0.0,0.0,0.0,0,,,0
E000327,1,P008016,a_remplacer,8.04338585809972,habitation,3,,nan,0.0,0.0,1,0.0,0.0,0.0,0.0,0.0,0,,,0
E000327,1,P000470,a_remplacer,2.57224945914596,habitation,3,,nan,0.0,0.0,1,0.0,0.0,0.0,0.0,0.0,0,,,0
E000327,1,P008019,a_remplacer,4.16591671935325,habitation,3,,nan,0.0,0.0,1,0.0,0.0,0.0,0.0,0.0,0,,,0
E000327,1,P000633,a_remplacer,5.1921602413572,habitation,3,,nan,0.0,0.0,1,0.0,0.0,0.0,0.0,0.0,0,,,0
E000327,1,P007677,a_remplacer,3.55803562516816,habitation,3,,nan,0.0,0.0,1,0.0,0.0,0.0,0.0,0.0,0,,,0
E000346,1,P006712,a_remplacer,12.5562775429942,habitation,7,,nan,0.0,0.0,1,0.0,0.0,0.0,0.0,0.0,0,,,0
E000346,1,P003802,a_remplacer,12.5012019609488,habitation,7,,nan,0.0,0.0,1,0.0,0.0,0.0,0.0,0.0,0,,,0
E000346,1,P003870,a_remplacer,6.48414270909882,habitation,7,,nan,0.0,0.0,1,0.0,0.0,0.0,0.0,0.0,0,,,0
E000346,1,P007699,a_remplacer,11.7815303649109,habitation,7,,nan,0.0,0.0,1,0.0,0.0,0.0,0.0,0.0,0,,,0
E000358,1,P005100,a_remplacer,6.25975675306654,habitation,4,,nan,0.0,0.0,1,0.0,0.0,0.0,0.0,0.0,0,,,0
E000358,1,P000732,a_remplacer,10.7871386086093,habitation,4,,nan,0.0,0.0,1,0.0,0.0,0.0,0.0,0.0,0,,,0
E000358,1,P008001,a_remplacer,9.80181343246892,habitation,4,,nan,0.0,0.0,1,0.0,0.0,0.0,0.0,0.0,0,,,0
E000358,1,P000719,a_remplacer,10.698159350814,habitation,4,,nan,0.0,0.0,1,0.0,0.0,0.0,0.0,0.0,0,,,0
E000358,1,P008003,a_remplacer,16.9947899061457,habitation,4,,nan,0.0,0.0,1,0.0,0.0,0.0,0.0,0.0,0,,,0
E000358,1,P008004,a_remplacer,4.2679056836056,habitation,4,,nan,0.0,0.0,1,0.0,0.0,0.0,0.0,0.0,0,,,0
E000358,1,P000494,a_remplacer,4.84007013228732,habitation,4,,nan,0.0,0.0,1,0.0,0.0,0.0,0.0,0.0,0,,,0
E000358,1,P008010,a_remplacer,7.57564714734482,habitation,4,,nan,0.0,0.0,1,0.0,0.0,0.0,0.0,0.0,0,,,0
E000358,1,P008012,a_remplacer,2.80432575486411,habitation,4,,nan,0.0,0.0,1,0.0,0.0,0.0,0.0,0.0,0,,,0
E000358,1,P008013,a_remplacer,8.28759638847956,habitation,4,,nan,0.0,0.0,1,0.0,0.0,0.0,0.0,0.0,0,,,0
E000358,1,P000476,a_remplacer,4.08484495788828,habitation,4,,nan,0.0,0.0,1,0.0,0.0,0.0,0.0,0.0,0,,,0
E000358,1,P008016,a_remplacer,8.04338585809972,habitation,4,,nan,0.0,0.0,1,0.0,0.0,0.0,0.0,0.0,0,,,0
E000358,1,P000470,a_remplacer,2.57224945914596,habitation,4,,nan,0.0,0.0,1,0.0,0.0,0.0,0.0,0.0,0,,,0
E000358,1,P008019,a_remplacer,4.16591671935325,habitation,4,,nan,0.0,0.0,1,0.0,0.0,0.0,0.0,0.0,0,,,0
E000358,1,P000464,a_remplacer,4.85875310412324,habitation,4,,nan,0.0,0.0,1,0.0,0.0,0.0,0.0,0.0,0,,,0
E000358,1,P000629,a_remplacer,5.31366434867898,habitation,4,,nan,0.0,0.0,1,0.0,0.0,0.0,0.0,0.0,0,,,0
E000358,1,P007544,a_remplacer,3.33630911377794,habitation,4,,nan,0.0,0.0,1,0.0,0.0,0.0,0.0,0.0,0,,,0
E000359,1,P006712,a_remplacer,12.5562775429942,habitation,4,,nan,0.0,0.0,1,0.0,0.0,0.0,0.0,0.0,0,,,0
E000359,1,P003802,a_remplacer,12.5012019609488,habitation,4,,nan,0.0,0.0,1,0.0,0.0,0.0,0.0,0.0,0,,,0
E000359,1,P003870,a_remplacer,6.48414270909882,habitation,4,,nan,0.0,0.0,1,0.0,0.0,0.0,0.0,0.0,0,,,0
E000359,1,P003881,a_remplacer,5.48429532793334,habitation,4,,nan,0.0,0.0,1,0.0,0.0,0.0,0.0,0.0,0,,,0
E000359,1,P007637,a_remplacer,11.4459140938685,habitation,4,,nan,0.0,0.0,1,0.0,0.0,0.0,0.0,0.0,0,,,0
E000360,1,P006950,a_remplacer,4.98657320364,habitation,2,,nan,0.0,0.0,1,0.0,0.0,0.0,0.0,0.0,0,,,0
E000360,1,P008033,a_remplacer,30.5368269197176,habitation,2,,nan,0.0,0.0,1,0.0,0.0,0.0,0.0,0.0,0,,,0
E000360,1,P004282,a_remplacer,6.15148232447661,habitation,2,,nan,0.0,0.0,1,0.0,0.0,0.0,0.0,0.0,0,,,0
E000360,1,P007528,a_remplacer,10.759672538483,habitation,2,,nan,0.0,0.0,1,0.0,0.0,0.0,0.0,0.0,0,,,0
E000361,1,P006950,a_remplacer,4.98657320364,habitation,1,,nan,0.0,0.0,1,0.0,0.0,0.0,0.0,0.0,0,,,0
E000361,1,P008033,a_remplacer,30.5368269197176,habitation,1,,nan,0.0,0.0,1,0.0,0.0,0.0,0.0,0.0,0,,,0
E000361,1,P004271,a_remplacer,6.61138266761108,habitation,1,,nan,0.0,0.0,1,0.0,0.0,0.0,0.0,0.0,0,,,0
E000361,1,P007529,a_remplacer,12.4769836838268,habitation,1,,nan,0.0,0.0,1,0.0,0.0,0.0,0.0,0.0,0,,,0
E000363,1,P005100,a_remplacer,6.25975675306654,habitation,2,,nan,0.0,0.0,1,0.0,0.0,0.0,0.0,0.0,0,,,0
E000363,1,P000732,a_remplacer,10.7871386086093,habitation,2,,nan,0.0,0.0,1,0.0,0.0,0.0,0.0,0.0,0,,,0
E000363,1,P008001,a_remplacer,9.80181343246892,habitation,2,,nan,0.0,0.0,1,0.0,0.0,0.0,0.0,0.0,0,,,0
E000363,1,P000719,a_remplacer,10.698159350814,habitation,2,,nan,0.0,0.0,1,0.0,0.0,0.0,0.0,0.0,0,,,0
E000363,1,P008003,a_remplacer,16.9947899061457,habitation,2,,nan,0.0,0.0,1,0.0,0.0,0.0,0.0,0.0,0,,,0
E000363,1,P008004,a_remplacer,4.2679056836056,habitation,2,,nan,0.0,0.0,1,0.0,0.0,0.0,0.0,0.0,0,,,0
E000363,1,P000494,a_remplacer,4.84007013228732,habitation,2,,nan,0.0,0.0,1,0.0,0.0,0.0,0.0,0.0,0,,,0
E000363,1,P008010,a_remplacer,7.57564714734482,habitation,2,,nan,0.0,0.0,1,0.0,0.0,0.0,0.0,0.0,0,,,0
E000363,1,P008012,a_remplacer,2.80432575486411,habitation,2,,nan,0.0,0.0,1,0.0,0.0,0.0,0.0,0.0,0,,,0
E000363,1,P008013,a_remplacer,8.28759638847956,habitation,2,,nan,0.0,0.0,1,0.0,0.0,0.0,0.0,0.0,0,,,0
E000363,1,P000476,a_remplacer,4.08484495788828,habitation,2,,nan,0.0,0.0,1,0.0,0.0,0.0,0.0,0.0,0,,,0
E000363,1,P008016,a_remplacer,8.04338585809972,habitation,2,,nan,0.0,0.0,1,0.0,0.0,0.0,0.0,0.0,0,,,0
E000363,1,P000470,a_remplacer,2.57224945914596,habitation,2,,nan,0.0,0.0,1,0.0,0.0,0.0,0.0,0.0,0,,,0
E000363,1,P008019,a_remplacer,4.16591671935325,habitation,2,,nan,0.0,0.0,1,0.0,0.0,0.0,0.0,0.0,0,,,0
E000363,1,P000464,a_remplacer,4.85875310412324,habitation,2,,nan,0.0,0.0,1,0.0,0.0,0.0,0.0,0.0,0,,,0
E000363,1,P000462,a_remplacer,3.69477602082419,habitation,2,,nan,0.0,0.0,1,0.0,0.0,0.0,0.0,0.0,0,,,0
E000363,1,P000627,a_remplacer,4.90868168597643,habitation,2,,nan,0.0,0.0,1,0.0,0.0,0.0,0.0,0.0,0,,,0
E000363,1,P007645,a_remplacer,3.03521930158189,habitation,2,,nan,0.0,0.0,1,0.0,0.0,0.0,0.0,0.0,0,,,0
E000364,1,P004862,a_remplacer,8.82148724309171,habitation,5,,nan,0.0,0.0,1,0.0,0.0,0.0,0.0,0.0,0,,,0
E000364,1,P008031,a_remplacer,10.978932377147,habitation,5,,nan,0.0,0.0,1,0.0,0.0,0.0,0.0,0.0,0,,,0
E000364,1,P007518,a_remplacer,4.91814131725302,habitation,5,,nan,0.0,0.0,1,0.0,0.0,0.0,0.0,0.0,0,,,0
E000365,1,P004862,a_remplacer,8.82148724309171,habitation,8,,nan,0.0,0.0,1,0.0,0.0,0.0,0.0,0.0,0,,,0
E000365,1,P008031,a_remplacer,10.978932377147,habitation,8,,nan,0.0,0.0,1,0.0,0.0,0.0,0.0,0.0,0,,,0
E000365,1,P007780,a_remplacer,9.91136244085116,habitation,8,,nan,0.0,0.0,1,0.0,0.0,0.0,0.0,0.0,0,,,0
E000366,1,P006712,a_remplacer,12.5562775429942,habitation,2,,nan,0.0,0.0,1,0.0,0.0,0.0,0.0,0.0,0,,,0
E000366,1,P003802,a_remplacer,12.5012019609488,habitation,2,,nan,0.0,0.0,1,0.0,0.0,0.0,0.0,0.0,0,,,0
E000366,1,P003870,a_remplacer,6.48414270909882,habitation,2,,nan,0.0,0.0,1,0.0,0.0,0.0,0.0,0.0,0,,,0
E000366,1,P003881,a_remplacer,5.48429532793334,habitation,2,,nan,0.0,0.0,1,0.0,0.0,0.0,0.0,0.0,0,,,0
E000366,1,P003903,a_remplacer,10.912493042733,habitation,2,,nan,0.0,0.0,1,0.0,0.0,0.0,0.0,0.0,0,,,0
E000366,1,P007478,a_remplacer,12.9024250386495,habitation,2,,nan,0.0,0.0,1,0.0,0.0,0.0,0.0,0.0,0,,,0
E000367,1,P006950,a_remplacer,4.98657320364,habitation,3,,nan,0.0,0.0,1,0.0,0.0,0.0,0.0,0.0,0,,,0
E000367,1,P008033,a_remplacer,30.5368269197176,habitation,3,,nan,0.0,0.0,1,0.0,0.0,0.0,0.0,0.0,0,,,0
E000367,1,P004282,a_remplacer,6.15148232447661,habitation,3,,nan,0.0,0.0,1,0.0,0.0,0.0,0.0,0.0,0,,,0
E000367,1,P004284,a_remplacer,5.44625644673519,habitation,3,,nan,0.0,0.0,1,0.0,0.0,0.0,0.0,0.0,0,,,0
E000367,1,P007564,a_remplacer,7.13168893719009,habitation,3,,nan,0.0,0.0,1,0.0,0.0,0.0,0.0,0.0,0,,,0
E000368,1,P006950,a_remplacer,4.98657320364,habitation,8,,nan,0.0,0.0,1,0.0,0.0,0.0,0.0,0.0,0,,,0
E000368,1,P008033,a_remplacer,30.5368269197176,habitation,8,,nan,0.0,0.0,1,0.0,0.0,0.0,0.0,0.0,0,,,0
E000368,1,P004282,a_remplacer,6.15148232447661,habitation,8,,nan,0.0,0.0,1,0.0,0.0,0.0,0.0,0.0,0,,,0
E000368,1,P004284,a_remplacer,5.44625644673519,habitation,8,,nan,0.0,0.0,1,0.0,0.0,0.0,0.0,0.0,0,,,0
E000368,1,P007609,a_remplacer,7.79612855602243,habitation,8,,nan,0.0,0.0,1,0.0,0.0,0.0,0.0,0.0,0,,,0
E000369,1,P006950,a_remplacer,4.98657320364,habitation,3,,nan,0.0,0.0,1,0.0,0.0,0.0,0.0,0.0,0,,,0
E000369,1,P008033,a_remplacer,30.5368269197176,habitation,3,,nan,0.0,0.0,1,0.0,0.0,0.0,0.0,0.0,0,,,0
E000369,1,P004271,a_remplacer,6.61138266761108,habitation,3,,nan,0.0,0.0,1,0.0,0.0,0.0,0.0,0.0,0,,,0
E000369,1,P004269,a_remplacer,8.03245737103393,habitation,3,,nan,0.0,0.0,1,0.0,0.0,0.0,0.0,0.0,0,,,0
E000369,1,P007507,a_remplacer,8.2451799365212,habitation,3,,nan,0.0,0.0,1,0.0,0.0,0.0,0.0,0.0,0,,,0
E000370,1,P005100,a_remplacer,6.25975675306654,habitation,2,,nan,0.0,0.0,1,0.0,0.0,0.0,0.0,0.0,0,,,0
E000370,1,P000732,a_remplacer,10.7871386086093,habitation,2,,nan,0.0,0.0,1,0.0,0.0,0.0,0.0,0.0,0,,,0
E000370,1,P008001,a_remplacer,9.80181343246892,habitation,2,,nan,0.0,0.0,1,0.0,0.0,0.0,0.0,0.0,0,,,0
E000370,1,P000719,a_remplacer,10.698159350814,habitation,2,,nan,0.0,0.0,1,0.0,0.0,0.0,0.0,0.0,0,,,0
E000370,1,P008003,a_remplacer,16.9947899061457,habitation,2,,nan,0.0,0.0,1,0.0,0.0,0.0,0.0,0.0,0,,,0
E000370,1,P008004,a_remplacer,4.2679056836056,habitation,2,,nan,0.0,0.0,1,0.0,0.0,0.0,0.0,0.0,0,,,0
E000370,1,P000494,a_remplacer,4.84007013228732,habitation,2,,nan,0.0,0.0,1,0.0,0.0,0.0,0.0,0.0,0,,,0
E000370,1,P008010,a_remplacer,7.57564714734482,habitation,2,,nan,0.0,0.0,1,0.0,0.0,0.0,0.0,0.0,0,,,0
E000370,1,P008012,a_remplacer,2.80432575486411,habitation,2,,nan,0.0,0.0,1,0.0,0.0,0.0,0.0,0.0,0,,,0
E000370,1,P008013,a_remplacer,8.28759638847956,habitation,2,,nan,0.0,0.0,1,0.0,0.0,0.0,0.0,0.0,0,,,0
E000370,1,P000476,a_remplacer,4.08484495788828,habitation,2,,nan,0.0,0.0,1,0.0,0.0,0.0,0.0,0.0,0,,,0
E000370,1,P008016,a_remplacer,8.04338585809972,habitation,2,,nan,0.0,0.0,1,0.0,0.0,0.0,0.0,0.0,0,,,0
E000370,1,P000470,a_remplacer,2.57224945914596,habitation,2,,nan,0.0,0.0,1,0.0,0.0,0.0,0.0,0.0,0,,,0
E000370,1,P008019,a_remplacer,4.16591671935325,habitation,2,,nan,0.0,0.0,1,0.0,0.0,0.0,0.0,0.0,0,,,0
E000370,1,P000464,a_remplacer,4.85875310412324,habitation,2,,nan,0.0,0.0,1,0.0,0.0,0.0,0.0,0.0,0,,,0
E000370,1,P000462,a_remplacer,3.69477602082419,habitation,2,,nan,0.0,0.0,1,0.0,0.0,0.0,0.0,0.0,0,,,0
E000370,1,P008017,a_remplacer,4.27226322548612,habitation,2,,nan,0.0,0.0,1,0.0,0.0,0.0,0.0,0.0,0,,,0
E000370,1,P000621,a_remplacer,6.05514938826793,habitation,2,,nan,0.0,0.0,1,0.0,0.0,0.0,0.0,0.0,0,,,0
E000370,1,P007533,a_remplacer,2.84839658610424,habitation,2,,nan,0.0,0.0,1,0.0,0.0,0.0,0.0,0.0,0,,,0
E000371,1,P005100,a_remplacer,6.25975675306654,habitation,6,,nan,0.0,0.0,1,0.0,0.0,0.0,0.0,0.0,0,,,0
E000371,1,P000732,a_remplacer,10.7871386086093,habitation,6,,nan,0.0,0.0,1,0.0,0.0,0.0,0.0,0.0,0,,,0
E000371,1,P008001,a_remplacer,9.80181343246892,habitation,6,,nan,0.0,0.0,1,0.0,0.0,0.0,0.0,0.0,0,,,0
E000371,1,P000719,a_remplacer,10.698159350814,habitation,6,,nan,0.0,0.0,1,0.0,0.0,0.0,0.0,0.0,0,,,0
E000371,1,P008003,a_remplacer,16.9947899061457,habitation,6,,nan,0.0,0.0,1,0.0,0.0,0.0,0.0,0.0,0,,,0
E000371,1,P008004,a_remplacer,4.2679056836056,habitation,6,,nan,0.0,0.0,1,0.0,0.0,0.0,0.0,0.0,0,,,0
E000371,1,P000494,a_remplacer,4.84007013228732,habitation,6,,nan,0.0,0.0,1,0.0,0.0,0.0,0.0,0.0,0,,,0
E000371,1,P008010,a_remplacer,7.57564714734482,habitation,6,,nan,0.0,0.0,1,0.0,0.0,0.0,0.0,0.0,0,,,0
E000371,1,P008012,a_remplacer,2.80432575486411,habitation,6,,nan,0.0,0.0,1,0.0,0.0,0.0,0.0,0.0,0,,,0
E000371,1,P008013,a_remplacer,8.28759638847956,habitation,6,,nan,0.0,0.0,1,0.0,0.0,0.0,0.0,0.0,0,,,0
E000371,1,P000476,a_remplacer,4.08484495788828,habitation,6,,nan,0.0,0.0,1,0.0,0.0,0.0,0.0,0.0,0,,,0
E000371,1,P008016,a_remplacer,8.04338585809972,habitation,6,,nan,0.0,0.0,1,0.0,0.0,0.0,0.0,0.0,0,,,0
E000371,1,P000470,a_remplacer,2.57224945914596,habitation,6,,nan,0.0,0.0,1,0.0,0.0,0.0,0.0,0.0,0,,,0
E000371,1,P008019,a_remplacer,4.16591671935325,habitation,6,,nan,0.0,0.0,1,0.0,0.0,0.0,0.0,0.0,0,,,0
E000371,1,P000464,a_remplacer,4.85875310412324,habitation,6,,nan,0.0,0.0,1,0.0,0.0,0.0,0.0,0.0,0,,,0
E000371,1,P000462,a_remplacer,3.69477602082419,habitation,6,,nan,0.0,0.0,1,0.0,0.0,0.0,0.0,0.0,0,,,0
E000371,1,P008017,a_remplacer,4.27226322548612,habitation,6,,nan,0.0,0.0,1,0.0,0.0,0.0,0.0,0.0,0,,,0
E000371,1,P008018,a_remplacer,14.7483787687636,habitation,6,,nan,0.0,0.0,1,0.0,0.0,0.0,0.0,0.0,0,,,0
E000371,1,P007616,a_remplacer,7.57918244268621,habitation,6,,nan,0.0,0.0,1,0.0,0.0,0.0,0.0,0.0,0,,,0
E000372,1,P006950,a_remplacer,4.98657320364,habitation,5,,nan,0.0,0.0,1,0.0,0.0,0.0,0.0,0.0,0,,,0
E000372,1,P008033,a_remplacer,30.5368269197176,habitation,5,,nan,0.0,0.0,1,0.0,0.0,0.0,0.0,0.0,0,,,0
E000372,1,P004271,a_remplacer,6.61138266761108,habitation,5,,nan,0.0,0.0,1,0.0,0.0,0.0,0.0,0.0,0,,,0
E000372,1,P004269,a_remplacer,8.03245737103393,habitation,5,,nan,0.0,0.0,1,0.0,0.0,0.0,0.0,0.0,0,,,0
E000372,1,P004261,a_remplacer,8.0897383575819,habitation,5,,nan,0.0,0.0,1,0.0,0.0,0.0,0.0,0.0,0,,,0
E000372,1,P007610,a_remplacer,8.8689078508038,habitation,5,,nan,0.0,0.0,1,0.0,0.0,0.0,0.0,0.0,0,,,0
E000373,1,P004862,a_remplacer,8.82148724309171,habitation,8,,nan,0.0,0.0,1,0.0,0.0,0.0,0.0,0.0,0,,,0
E000373,1,P008031,a_remplacer,10.978932377147,habitation,8,,nan,0.0,0.0,1,0.0,0.0,0.0,0.0,0.0,0,,,0
E000373,1,P008032,a_remplacer,10.5209747840379,habitation,8,,nan,0.0,0.0,1,0.0,0.0,0.0,0.0,0.0,0,,,0
E000373,1,P004209,a_remplacer,9.97549376892212,habitation,8,,nan,0.0,0.0,1,0.0,0.0,0.0,0.0,0.0,0,,,0
E000373,1,P007514,a_remplacer,10.3279655802057,habitation,8,,nan,0.0,0.0,1,0.0,0.0,0.0,0.0,0.0,0,,,0
E000374,1,P004862,a_remplacer,8.82148724309171,habitation,7,,nan,0.0,0.0,1,0.0,0.0,0.0,0.0,0.0,0,,,0
E000374,1,P008031,a_remplacer,10.978932377147,habitation,7,,nan,0.0,0.0,1,0.0,0.0,0.0,0.0,0.0,0,,,0
E000374,1,P008032,a_remplacer,10.5209747840379,habitation,7,,nan,0.0,0.0,1,0.0,0.0,0.0,0.0,0.0,0,,,0
E000374,1,P008034,a_remplacer,10.0099030897997,habitation,7,,nan,0.0,0.0,1,0.0,0.0,0.0,0.0,0.0,0,,,0
E000374,1,P007534,a_remplacer,11.0908638527212,habitation,7,,nan,0.0,0.0,1,0.0,0.0,0.0,0.0,0.0,0,,,0
E000375,1,P006950,a_remplacer,4.98657320364,habitation,1,,nan,0.0,0.0,1,0.0,0.0,0.0,0.0,0.0,0,,,0
E000375,1,P008033,a_remplacer,30.5368269197176,habitation,1,,nan,0.0,0.0,1,0.0,0.0,0.0,0.0,0.0,0,,,0
E000375,1,P004271,a_remplacer,6.61138266761108,habitation,1,,nan,0.0,0.0,1,0.0,0.0,0.0,0.0,0.0,0,,,0
E000375,1,P004269,a_remplacer,8.03245737103393,habitation,1,,nan,0.0,0.0,1,0.0,0.0,0.0,0.0,0.0,0,,,0
E000375,1,P004261,a_remplacer,8.0897383575819,habitation,1,,nan,0.0,0.0,1,0.0,0.0,0.0,0.0,0.0,0,,,0
E000375,1,P004257,a_remplacer,6.11375464797472,habitation,1,,nan,0.0,0.0,1,0.0,0.0,0.0,0.0,0.0,0,,,0
E000375,1,P007768,a_remplacer,9.32956330061528,habitation,1,,nan,0.0,0.0,1,0.0,0.0,0.0,0.0,0.0,0,,,0
E000376,1,P004862,a_remplacer,8.82148724309171,habitation,8,,nan,0.0,0.0,1,0.0,0.0,0.0,0.0,0.0,0,,,0
E000376,1,P008031,a_remplacer,10.978932377147,habitation,8,,nan,0.0,0.0,1,0.0,0.0,0.0,0.0,0.0,0,,,0
E000376,1,P008032,a_remplacer,10.5209747840379,habitation,8,,nan,0.0,0.0,1,0.0,0.0,0.0,0.0,0.0,0,,,0
E000376,1,P004209,a_remplacer,9.97549376892212,habitation,8,,nan,0.0,0.0,1,0.0,0.0,0.0,0.0,0.0,0,,,0
E000376,1,P004211,a_remplacer,2.87454919232451,habitation,8,,nan,0.0,0.0,1,0.0,0.0,0.0,0.0,0.0,0,,,0
E000376,1,P007506,a_remplacer,14.6582864643116,habitation,8,,nan,0.0,0.0,1,0.0,0.0,0.0,0.0,0.0,0,,,0
E000377,1,P004862,a_remplacer,8.82148724309171,habitation,6,,nan,0.0,0.0,1,0.0,0.0,0.0,0.0,0.0,0,,,0
E000377,1,P008031,a_remplacer,10.978932377147,habitation,6,,nan,0.0,0.0,1,0.0,0.0,0.0,0.0,0.0,0,,,0
E000377,1,P008032,a_remplacer,10.5209747840379,habitation,6,,nan,0.0,0.0,1,0.0,0.0,0.0,0.0,0.0,0,,,0
E000377,1,P008035,a_remplacer,11.7197592250876,habitation,6,,nan,0.0,0.0,1,0.0,0.0,0.0,0.0,0.0,0,,,0
E000377,1,P004196,a_remplacer,7.74281322100572,habitation,6,,nan,0.0,0.0,1,0.0,0.0,0.0,0.0,0.0,0,,,0
E000377,1,P007703,a_remplacer,10.1403162890544,habitation,6,,nan,0.0,0.0,1,0.0,0.0,0.0,0.0,0.0,0,,,0
E000378,1,P004862,a_remplacer,8.82148724309171,habitation,5,,nan,0.0,0.0,1,0.0,0.0,0.0,0.0,0.0,0,,,0
E000378,1,P008031,a_remplacer,10.978932377147,habitation,5,,nan,0.0,0.0,1,0.0,0.0,0.0,0.0,0.0,0,,,0
E000378,1,P008032,a_remplacer,10.5209747840379,habitation,5,,nan,0.0,0.0,1,0.0,0.0,0.0,0.0,0.0,0,,,0
E000378,1,P008035,a_remplacer,11.7197592250876,habitation,5,,nan,0.0,0.0,1,0.0,0.0,0.0,0.0,0.0,0,,,0
E000378,1,P004234,a_remplacer,13.4849030344439,habitation,5,,nan,0.0,0.0,1,0.0,0.0,0.0,0.0,0.0,0,,,0
E000378,1,P007497,a_remplacer,7.52768320033647,habitation,5,,nan,0.0,0.0,1,0.0,0.0,0.0,0.0,0.0,0,,,0
E000379,1,P006950,a_remplacer,4.98657320364,habitation,2,,nan,0.0,0.0,1,0.0,0.0,0.0,0.0,0.0,0,,,0
E000379,1,P008033,a_remplacer,30.5368269197176,habitation,2,,nan,0.0,0.0,1,0.0,0.0,0.0,0.0,0.0,0,,,0
E000379,1,P004271,a_remplacer,6.61138266761108,habitation,2,,nan,0.0,0.0,1,0.0,0.0,0.0,0.0,0.0,0,,,0
E000379,1,P004269,a_remplacer,8.03245737103393,habitation,2,,nan,0.0,0.0,1,0.0,0.0,0.0,0.0,0.0,0,,,0
E000379,1,P004261,a_remplacer,8.0897383575819,habitation,2,,nan,0.0,0.0,1,0.0,0.0,0.0,0.0,0.0,0,,,0
E000379,1,P004257,a_remplacer,6.11375464797472,habitation,2,,nan,0.0,0.0,1,0.0,0.0,0.0,0.0,0.0,0,,,0
E000379,1,P004251,a_remplacer,5.83511135139461,habitation,2,,nan,0.0,0.0,1,0.0,0.0,0.0,0.0,0.0,0,,,0
E000379,1,P007766,a_remplacer,10.9647553869973,habitation,2,,nan,0.0,0.0,1,0.0,0.0,0.0,0.0,0.0,0,,,0
E000380,1,P004862,a_remplacer,8.82148724309171,habitation,4,,nan,0.0,0.0,1,0.0,0.0,0.0,0.0,0.0,0,,,0
E000380,1,P008031,a_remplacer,10.978932377147,habitation,4,,nan,0.0,0.0,1,0.0,0.0,0.0,0.0,0.0,0,,,0
E000380,1,P008032,a_remplacer,10.5209747840379,habitation,4,,nan,0.0,0.0,1,0.0,0.0,0.0,0.0,0.0,0,,,0
E000380,1,P008035,a_remplacer,11.7197592250876,habitation,4,,nan,0.0,0.0,1,0.0,0.0,0.0,0.0,0.0,0,,,0
E000380,1,P004196,a_remplacer,7.74281322100572,habitation,4,,nan,0.0,0.0,1,0.0,0.0,0.0,0.0,0.0,0,,,0
E000380,1,P004185,a_remplacer,5.82173712682777,habitation,4,,nan,0.0,0.0,1,0.0,0.0,0.0,0.0,0.0,0,,,0
E000380,1,P007463,a_remplacer,9.79128091421177,habitation,4,,nan,0.0,0.0,1,0.0,0.0,0.0,0.0,0.0,0,,,0
E000381,1,P004862,a_remplacer,8.82148724309171,habitation,8,,nan,0.0,0.0,1,0.0,0.0,0.0,0.0,0.0,0,,,0
E000381,1,P008031,a_remplacer,10.978932377147,habitation,8,,nan,0.0,0.0,1,0.0,0.0,0.0,0.0,0.0,0,,,0
E000381,1,P008032,a_remplacer,10.5209747840379,habitation,8,,nan,0.0,0.0,1,0.0,0.0,0.0,0.0,0.0,0,,,0
E000381,1,P008035,a_remplacer,11.7197592250876,habitation,8,,nan,0.0,0.0,1,0.0,0.0,0.0,0.0,0.0,0,,,0
E000381,1,P004234,a_remplacer,13.4849030344439,habitation,8,,nan,0.0,0.0,1,0.0,0.0,0.0,0.0,0.0,0,,,0
E000381,1,P008036,a_remplacer,7.44176035956022,habitation,8,,nan,0.0,0.0,1,0.0,0.0,0.0,0.0,0.0,0,,,0
E000381,1,P007459,a_remplacer,9.86535817150771,habitation,8,,nan,0.0,0.0,1,0.0,0.0,0.0,0.0,0.0,0,,,0
